year,country,wealth_per_adult,billionaries_num,billionaries_per_mln,region,color,last_year
2016,Hong Kong,185281,64,10.20896475,CEA,#d3a188,1
2016,Cyprus,118478,5,6.954102921,SE,#b6bfab,1
2016,Switzerland,561854,32,5.169628433,WE,#4a8252,1
2016,Singapore,276885,17,4.135246899,SEA,#306dd0,1
2016,Sweden,227295,26,3.510667027,NE,#fdaba1,1
2016,Iceland,408595,1,3.802281369,NE,#dfbf6f,1
2016,Norway,312339,13,3.39869281,NE,#f3b290,1
2016,Israel,176263,17,3.297769156,BS,#9cee65,1
2016,United States,344692,540,2.195371831,NA,#8829cc,1
2016,Ireland,214589,6,1.673173452,WE,#3b9639,1
2016,Australia,375573,25,1.460706982,O,#e1eb99,1
2016,Germany,185175,120,1.789255521,WE,#33a02c,1
2016,Taiwan,172847,25,1.350913217,CEA,#fb86cb,1
2016,Finland,146733,6,1.414427157,NE,#d5c65e,1
2016,Qatar,161666,1,0.768639508,BS,#bada97,1
2016,Oman,52664,1,0.5,BS,#b2df8a,1
2016,Swaziland,3179,1,1.494768311,A,#b7c3e6,1
2016,Denmark,259816,6,1.416765053,NE,#cbcc4e,1
2016,Canada,270179,33,1.178781925,NA,#6a3d9a,1
2016,Lebanon,30730,7,2.279387822,BS,#abe47e,1
2016,United Arab Emirates,151098,5,1.266143327,BS,#d0cbbc,1
2016,Austria,206002,6,0.877577885,WE,#1dbe07,1
2016,United Kingdom,288808,51,1.040965036,WE,#51785e,1
2016,South Korea,159914,31,0.789627856,CEA,#f18dba,1
2016,Chile,46543,10,0.772916989,SA,#e17f32,1
2016,Russia,10344,77,0.707122654,EE,#ee0d4c,1
2016,Italy,202288,43,0.872210953,SE,#cab2cc,1
2016,France,244365,39,0.801446714,WE,#2caa20,1
2016,Netherlands,184378,9,0.688020794,WE,#428c45,1
2016,Czech Republic,48357,5,0.590667454,EE,#c6270a,1
2016,Spain,116320,21,0.555643753,SE,#e89efe,1
2016,Malaysia,24429,10,0.515304545,SEA,#157fa3,1
2016,New Zealand,298930,2,0.600781015,O,#ffd7cb,1
2016,Saudi Arabia,40555,6,0.335514175,BS,#c1d5a3,1
2016,Turkey,19685,30,0.555473263,BS,#c9d0b0,1
2016,Portugal,77113,3,0.346660504,SE,#d4abdd,1
2016,Kazakhstan,4134,5,0.448671931,CEA,#e793aa,1
2016,Thailand,7926,16,0.3154201,SEA,#3668db,1
2016,Greece,103569,2,0.218674831,SE,#c0b9bb,1
2016,Georgia,19843,1,0.317158262,EE,#d0211a,1
2016,Japan,230946,27,0.2590599,CEA,#dd9a99,1
2016,China,22864,251,0.245325858,CEA,#c9a778,1
2016,Brazil,18059,31,0.220629577,SA,#d78621,1
2016,South Africa,20589,6,0.19003579,A,#b0c7db,1
2016,Peru,26292,3,0.151553423,SA,#f57253,1
2016,Argentina,16002,4,0.136958159,SA,#cd8c11,1
2016,Belgium,270613,3,0.354065856,WE,#24b413,1
2016,Philippines,9878,11,0.182469644,SEA,#2971c5,1
2016,Mexico,21125,14,0.182417554,NA,#7933b3,1
2016,Ukraine,1254,5,0.141390719,EE,#f8065d,1
2016,Morocco,10623,2,0.08960172,A,#a3d0c4,1
2016,Poland,24584,3,0.098837018,EE,#da1a2b,1
2016,Egypt,6323,6,0.108232917,A,#9cd5b9,1
2016,India,3835,84,0.103941615,SEA,#08888d,1
2016,Indonesia,10772,20,0.121823453,SEA,#0e8398,1
2016,Venezuela,4221,3,0.1500075,SA,#ff6b64,1
2016,Angola,16019,1,0.099472794,A,#95d9ae,1
2016,Colombia,19050,3,0.093791034,SA,#eb7843,1
2016,Romania,13815,1,0.060393767,EE,#e4133c,1
2016,Nepal,2009,1,0.053890925,SEA,#1c7aae,1
2016,Tanzania,887,1,0.042091085,A,#bdbef1,1
2016,Algeria,7561,1,0.039690415,A,#8fdea3,1
2016,Nigeria,1904,5,0.058188251,A,#a9ccd0,1
2016,Vietnam,5275,1,0.015429241,SEA,#3d64e6,1
2015,Algeria,8274,1,0.040426908,A,#8fdea3,0
2015,Angola,15302,1,0.102669405,A,#95d9ae,0
2015,Argentina,22284,5,0.173418424,SA,#cd8c11,0
2015,Australia,380786,27,1.595838998,O,#e1eb99,0
2015,Austria,201499,7,1.028051109,WE,#1dbe07,0
2015,Belgium,262810,3,0.355450237,WE,#24b413,0
2015,Brazil,17597,54,0.390063494,SA,#d78621,0
2015,Canada,268160,39,1.409112259,NA,#6a3d9a,0
2015,Chile,45837,12,0.940881292,SA,#e17f32,0
2015,China,23751,213,0.210155337,CEA,#c9a778,0
2015,Colombia,20477,3,0.095596202,SA,#eb7843,0
2015,Cyprus,120120,5,7.052186178,SE,#b6bfab,0
2015,Czech Republic,45334,5,0.591086417,EE,#c6270a,0
2015,Denmark,255296,5,1.185395922,NE,#cbcc4e,0
2015,Egypt,7270,8,0.147240167,A,#9cd5b9,0
2015,Mexico,24144,16,0.212139694,NA,#7933b3,0
2015,Morocco,10489,3,0.136730322,A,#a3d0c4,0
2015,Nepal,2025,1,0.055447741,SEA,#1c7aae,0
2015,Netherlands,185930,9,0.691456669,WE,#428c45,0
2015,New Zealand,264843,2,0.607533414,O,#ffd7cb,0
2015,Nigeria,2774,5,0.059735015,A,#a9ccd0,0
2015,Norway,325703,10,2.639915523,NE,#f3b290,0
2015,Oman,52079,2,1.026694045,BS,#b2df8a,0
2015,Peru,25771,6,0.308912115,SA,#f57253,0
2015,Philippines,10042,11,0.186874607,SEA,#2971c5,0
2015,Poland,25671,5,0.164875025,EE,#da1a2b,0
2015,Portugal,76153,3,0.347222222,SE,#d4abdd,0
2015,Romania,13528,2,0.120416642,EE,#e4133c,0
2015,Russia,12086,88,0.803535556,EE,#ee0d4c,0
2015,Saudi Arabia,40810,10,0.574415532,BS,#c1d5a3,0
2015,Singapore,273085,19,4.690199951,SEA,#306dd0,0
2015,South Africa,21448,7,0.223235641,A,#b0c7db,0
2015,Spain,116099,21,0.558911985,SE,#e89efe,0
2015,Finland,148615,5,1.183431953,NE,#d5c65e,0
2015,France,242288,47,0.970072239,WE,#2caa20,0
2015,Georgia,18636,1,0.316055626,EE,#d0211a,0
2015,Germany,180076,103,1.535502914,WE,#33a02c,0
2015,Greece,104373,3,0.32855109,SE,#c0b9bb,0
2015,Hong Kong,173685,55,8.891044294,CEA,#d3a188,0
2015,Iceland,362748,1,3.861003861,NE,#dfbf6f,0
2015,India,3946,90,0.113633064,SEA,#08888d,0
2015,Indonesia,10286,22,0.136078827,SEA,#0e8398,0
2015,Ireland,206369,5,1.409641951,WE,#3b9639,0
2015,Israel,180330,17,3.352395977,BS,#9cee65,0
2015,Italy,204601,39,0.791974657,SE,#cab2cc,0
2015,Japan,193448,24,0.230151804,CEA,#dd9a99,0
2015,Kazakhstan,6964,5,0.451263538,CEA,#e793aa,0
2015,South Korea,159705,30,0.770970395,CEA,#f18dba,0
2015,Kuwait,118765,5,2.109704641,BS,#a3e971,1
2015,Lebanon,31366,7,2.314814815,BS,#abe47e,0
2015,Lithuania,20848,1,0.395726157,NE,#e9b880,1
2015,Malaysia,26323,12,0.631578947,SEA,#157fa3,0
2015,Swaziland,3749,1,1.531393568,A,#b7c3e6,0
2015,Sweden,229536,23,3.121183336,NE,#fdaba1,0
2015,Switzerland,588453,29,4.710851202,WE,#4a8252,0
2015,Taiwan,182730,33,1.788714835,CEA,#fb86cb,0
2015,Tanzania,907,2,0.086741554,A,#bdbef1,0
2015,Thailand,8125,17,0.337878125,SEA,#3668db,0
2015,Turkey,21196,32,0.602829531,BS,#c9d0b0,0
2015,Uganda,674,1,0.062582139,A,#c4bafc,1
2015,Ukraine,1531,5,0.140449438,EE,#f8065d,0
2015,United Arab Emirates,151506,4,1.031725561,BS,#d0cbbc,0
2015,United Kingdom,321851,54,1.108920651,WE,#51785e,0
2015,United States,341609,536,2.202597915,NA,#8829cc,0
2015,Venezuela,6725,3,0.153084656,SA,#ff6b64,0
2015,Vietnam,5228,1,0.015712153,SEA,#3d64e6,0
2014,Swaziland,3915,1,1.550387597,A,#b7c3e6,0
2014,Sweden,233391,19,2.585737616,NE,#fdaba1,0
2014,Switzerland,548844,21,3.421309873,WE,#4a8252,0
2014,Taiwan,176703,28,1.52016939,CEA,#fb86cb,0
2014,Tanzania,1009,1,0.044031527,A,#bdbef1,0
2014,Thailand,8382,11,0.219560878,SEA,#3668db,0
2014,Turkey,24381,24,0.45610901,BS,#c9d0b0,0
2014,Uganda,784,1,0.063771443,A,#c4bafc,0
2014,Ukraine,1871,9,0.252016129,EE,#f8065d,0
2014,United Arab Emirates,151446,4,1.041124414,BS,#d0cbbc,0
2014,United Kingdom,305473,48,0.988814041,WE,#51785e,0
2014,United States,336522,492,2.032915043,NA,#8829cc,0
2014,Venezuela,6745,3,0.154671066,SA,#ff6b64,0
2014,Vietnam,5255,1,0.015862441,SEA,#3d64e6,0
2014,Mexico,25046,16,0.214043959,NA,#7933b3,0
2014,Morocco,11247,4,0.183916502,A,#a3d0c4,0
2014,Nepal,1992,1,0.056249297,SEA,#1c7aae,0
2014,Netherlands,199322,7,0.539166602,WE,#428c45,0
2014,New Zealand,283176,2,0.611060189,O,#ffd7cb,0
2014,Nigeria,3026,4,0.048423219,A,#a9ccd0,0
2014,Norway,330090,9,2.387267905,NE,#f3b290,0
2014,Oman,50856,2,1.040582726,BS,#b2df8a,0
2014,Peru,26486,8,0.41586526,SA,#f57253,0
2014,Philippines,9903,10,0.171963131,SEA,#2971c5,0
2014,Poland,26167,5,0.164972944,EE,#da1a2b,0
2014,Portugal,81323,3,0.347544022,SE,#d4abdd,0
2014,Romania,14091,1,0.060110604,EE,#e4133c,0
2014,Russia,11109,111,1.010772467,EE,#ee0d4c,0
2014,Saudi Arabia,40256,7,0.407640345,BS,#c1d5a3,0
2014,Singapore,274470,16,3.980099502,SEA,#306dd0,0
2014,South Africa,22455,8,0.256,A,#b0c7db,0
2014,Spain,121760,26,0.694110737,SE,#e89efe,0
2014,Finland,154950,4,0.948766603,NE,#d5c65e,0
2014,France,257150,43,0.889477277,WE,#2caa20,0
2014,Georgia,21251,1,0.315656566,EE,#d0211a,0
2014,Germany,189256,85,1.267124819,WE,#33a02c,0
2014,Greece,115678,3,0.328839198,SE,#c0b9bb,0
2014,Hong Kong,168138,45,7.32421875,CEA,#d3a188,0
2014,India,3918,56,0.071435587,SEA,#08888d,0
2014,Indonesia,10818,19,0.118444266,SEA,#0e8398,0
2014,Ireland,217272,5,1.417635384,WE,#3b9639,0
2014,Israel,171187,18,3.579240406,BS,#9cee65,0
2014,Italy,215606,35,0.711237553,SE,#cab2cc,0
2014,Japan,192720,27,0.258868648,CEA,#dd9a99,0
2014,Kazakhstan,7054,5,0.452734516,CEA,#e793aa,0
2014,South Korea,156689,27,0.697098007,CEA,#f18dba,0
2014,Kuwait,123656,5,2.133105802,BS,#a3e971,0
2014,Lebanon,31336,6,2,BS,#abe47e,0
2014,Lithuania,22531,1,0.395100751,NE,#e9b880,0
2014,Malaysia,28076,13,0.691636518,SEA,#157fa3,0
2014,Algeria,9221,1,0.040821325,A,#8fdea3,0
2014,Angola,14959,1,0.104340568,A,#95d9ae,0
2014,Argentina,21401,5,0.174556626,SA,#cd8c11,0
2014,Australia,382711,29,1.724137931,O,#e1eb99,0
2014,Austria,210985,10,1.471886959,WE,#1dbe07,0
2014,Belgium,277328,3,0.356167636,WE,#24b413,0
2014,Brazil,19973,65,0.473030012,SA,#d78621,0
2014,Canada,262056,32,1.163044268,NA,#6a3d9a,0
2014,Chile,47398,12,0.947867299,SA,#e17f32,0
2014,China,22753,152,0.150702751,CEA,#c9a778,0
2014,Colombia,22634,4,0.128708411,SA,#eb7843,0
2014,Cyprus,116127,4,5.681818182,SE,#b6bfab,0
2014,Czech Republic,47934,6,0.709723208,EE,#c6270a,0
2014,Denmark,260642,6,1.42551675,NE,#cbcc4e,0
2014,Egypt,7704,8,0.148734824,A,#9cd5b9,0
2013,Swaziland,4230,1,1.592356688,A,#b7c3e6,0
2013,Sweden,253407,14,1.918070969,NE,#fdaba1,0
2013,Switzerland,586785,13,2.13079823,WE,#4a8252,0
2013,Taiwan,183103,26,1.416199139,CEA,#fb86cb,0
2013,Thailand,7935,10,0.201442327,SEA,#3668db,0
2013,Turkey,24928,43,0.83193066,BS,#c9d0b0,0
2013,Ukraine,3595,10,0.278458454,EE,#f8065d,0
2013,United Arab Emirates,146918,4,1.059041567,BS,#d0cbbc,0
2013,United Kingdom,278732,38,0.788054749,WE,#51785e,0
2013,United States,321397,442,1.847216011,NA,#8829cc,0
2013,Venezuela,6851,3,0.157969565,SA,#ff6b64,0
2013,Vietnam,5156,1,0.016190399,SEA,#3d64e6,0
2013,Mexico,26646,15,0.204415372,NA,#7933b3,0
2013,Morocco,12499,3,0.140482323,A,#a3d0c4,0
2013,Nepal,1912,1,0.057893823,SEA,#1c7aae,0
2013,Netherlands,197821,6,0.464612049,WE,#428c45,0
2013,New Zealand,285727,3,0.927643785,O,#ffd7cb,0
2013,Nigeria,3497,2,0.024856454,A,#a9ccd0,0
2013,Norway,365967,6,1.607286365,NE,#f3b290,0
2013,Peru,25632,10,0.530082163,SA,#f57253,0
2013,Philippines,9442,11,0.193900934,SEA,#2971c5,0
2013,Poland,30849,4,0.132209552,EE,#da1a2b,0
2013,Portugal,95505,3,0.348270258,SE,#d4abdd,0
2013,Romania,17240,1,0.059908938,EE,#e4133c,0
2013,Russia,20121,110,0.996692792,EE,#ee0d4c,0
2013,Saudi Arabia,39664,8,0.479214089,BS,#c1d5a3,0
2013,Singapore,288098,10,2.528445006,SEA,#306dd0,0
2013,South Africa,22217,6,0.193336341,A,#b0c7db,0
2013,Spain,132732,20,0.537547707,SE,#e89efe,0
2013,Finland,171701,1,0.238379023,NE,#d5c65e,0
2013,France,288406,24,0.498711662,WE,#2caa20,0
2013,Georgia,21474,1,0.315258512,EE,#d0211a,0
2013,Germany,211123,58,0.86479394,WE,#33a02c,0
2013,Greece,139892,3,0.329489292,SE,#c0b9bb,0
2013,Hong Kong,157482,39,6.444150694,CEA,#d3a188,0
2013,India,3841,55,0.071650782,SEA,#08888d,0
2013,Indonesia,10365,25,0.158359146,SEA,#0e8398,0
2013,Ireland,218420,5,1.433486239,WE,#3b9639,0
2013,Israel,165400,17,3.436426117,BS,#9cee65,0
2013,Italy,243838,23,0.468269642,SE,#cab2cc,0
2013,Japan,211190,22,0.210899679,CEA,#dd9a99,0
2013,Kazakhstan,7738,5,0.456287644,CEA,#e793aa,0
2013,South Korea,155144,24,0.625814863,CEA,#f18dba,0
2013,Kuwait,127808,5,2.182453077,BS,#a3e971,0
2013,Lebanon,31733,6,2.031832035,BS,#abe47e,0
2013,Malaysia,29388,10,0.544010445,SEA,#157fa3,0
2013,Angola,15018,1,0.107839965,A,#95d9ae,0
2013,Argentina,21944,5,0.176897223,SA,#cd8c11,0
2013,Australia,403614,22,1.323945357,O,#e1eb99,0
2013,Austria,227486,8,1.183256915,WE,#1dbe07,0
2013,Belgium,298821,2,0.23846429,WE,#24b413,0
2013,Belize,10279,1,5.319148936,NA,#5b4781,1
2013,Brazil,21243,46,0.339771762,SA,#d78621,0
2013,Canada,267053,29,1.067235859,NA,#6a3d9a,0
2013,Chile,49969,14,1.123505337,SA,#e17f32,0
2013,China,22904,122,0.122219384,CEA,#c9a778,0
2013,Colombia,25053,5,0.164128151,SA,#eb7843,0
2013,Cyprus,141466,3,4.322766571,SE,#b6bfab,0
2013,Czech Republic,47311,4,0.474102169,EE,#c6270a,0
2013,Denmark,289606,6,1.431980907,NE,#cbcc4e,0
2013,Egypt,7731,7,0.132802125,A,#9cd5b9,0
2012,Argentina,24700,4,0.143451442,SA,#cd8c11,0
2012,Australia,416036,18,1.096758469,O,#e1eb99,0
2012,Austria,209942,6,0.892193309,WE,#1dbe07,0
2012,Belgium,275128,2,0.239520958,WE,#24b413,0
2012,Belize,9980,1,5.494505495,NA,#5b4781,0
2012,Brazil,24035,36,0.269956132,SA,#d78621,0
2012,Canada,264559,25,0.932070688,NA,#6a3d9a,0
2012,Chile,50961,5,0.407996736,SA,#e17f32,0
2012,China,20762,95,0.096248341,CEA,#c9a778,0
2012,Colombia,25704,3,0.100512614,SA,#eb7843,0
2012,Cyprus,128324,2,2.928257687,SE,#b6bfab,0
2012,Czech Republic,46652,3,0.35659099,EE,#c6270a,0
2012,Denmark,256750,3,0.719251978,NE,#cbcc4e,0
2012,Egypt,8358,7,0.135608981,A,#9cd5b9,0
2012,Finland,152688,1,0.239635754,NE,#d5c65e,0
2012,France,277059,15,0.313178554,WE,#2caa20,0
2012,Georgia,20553,1,0.315059861,EE,#d0211a,0
2012,Germany,192529,55,0.820515881,WE,#33a02c,0
2012,Greece,130472,3,0.33021464,SE,#c0b9bb,0
2012,Hong Kong,147965,38,6.376908877,CEA,#d3a188,0
2012,India,4208,48,0.063890364,SEA,#08888d,0
2012,Indonesia,12033,17,0.10946978,SEA,#0e8398,0
2012,Ireland,195169,5,1.450536699,WE,#3b9639,0
2012,Israel,147916,13,2.672147996,BS,#9cee65,0
2012,Italy,232986,16,0.326543941,SE,#cab2cc,0
2012,Japan,246081,24,0.230098847,CEA,#dd9a99,0
2012,Kazakhstan,7530,3,0.276319425,CEA,#e793aa,0
2012,South Korea,149466,20,0.526939797,CEA,#f18dba,0
2012,Kuwait,125836,5,2.233139795,BS,#a3e971,0
2012,Lebanon,32118,6,2.065404475,BS,#abe47e,0
2012,Malaysia,30296,9,0.500974116,SEA,#157fa3,0
2012,Mexico,24999,11,0.1527799,NA,#7933b3,0
2012,Morocco,11994,3,0.143177588,A,#a3d0c4,0
2012,Netherlands,201612,6,0.467144192,WE,#428c45,0
2012,New Zealand,265402,3,0.939261115,O,#ffd7cb,0
2012,Nigeria,3442,2,0.025519969,A,#a9ccd0,0
2012,Norway,389416,5,1.353179973,NE,#f3b290,0
2012,Peru,25223,2,0.108131488,SA,#f57253,0
2012,Philippines,9463,6,0.108469674,SEA,#2971c5,0
2012,Poland,27110,4,0.132529322,EE,#da1a2b,0
2012,Portugal,88028,3,0.349121378,SE,#d4abdd,0
2012,Romania,14317,1,0.059726453,EE,#e4133c,0
2012,Russia,21876,96,0.866324348,EE,#ee0d4c,0
2012,Saudi Arabia,38510,8,0.493279073,BS,#c1d5a3,0
2012,Singapore,290370,5,1.287001287,SEA,#306dd0,0
2012,South Africa,23901,4,0.12987013,A,#b0c7db,0
2012,Spain,122538,16,0.43318172,SE,#e89efe,0
2012,Sweden,213224,11,1.518288475,NE,#fdaba1,0
2012,Switzerland,540735,9,1.484658529,WE,#4a8252,0
2012,Taiwan,150738,24,1.311618756,CEA,#fb86cb,0
2012,Thailand,8515,5,0.1017025,SEA,#3668db,0
2012,Turkey,28661,34,0.669897939,BS,#c9d0b0,0
2012,Ukraine,3640,8,0.221704911,EE,#f8065d,0
2012,United Arab Emirates,119641,4,1.077295987,BS,#d0cbbc,0
2012,United Kingdom,250812,37,0.772716831,WE,#51785e,0
2012,United States,285374,425,1.797024972,NA,#8829cc,0
2012,Venezuela,10157,2,0.107619458,SA,#ff6b64,0
2011,Argentina,24385,2,0.072721984,SA,#cd8c11,0
2011,Australia,384365,17,1.0489942,O,#e1eb99,0
2011,Austria,194296,5,0.747719456,WE,#1dbe07,0
2011,Belgium,254148,3,0.361054278,WE,#24b413,0
2011,Belize,9687,1,5.681818182,NA,#5b4781,0
2011,Brazil,27100,30,0.228510492,SA,#d78621,0
2011,Canada,234652,24,0.906686815,NA,#6a3d9a,0
2011,Chile,43062,4,0.332115576,SA,#e17f32,0
2011,China,20345,115,0.117919812,CEA,#c9a778,0
2011,Colombia,21194,2,0.068420512,SA,#eb7843,0
2011,Cyprus,121124,2,2.976190476,SE,#b6bfab,0
2011,Czech Republic,42913,3,0.358037952,EE,#c6270a,0
2011,Denmark,242536,3,0.722195474,NE,#cbcc4e,0
2011,Egypt,8473,8,0.158500584,A,#9cd5b9,0
2011,Finland,145156,1,0.240963855,NE,#d5c65e,0
2011,France,280988,14,0.293778197,WE,#2caa20,0
2011,Germany,179683,52,0.776606231,WE,#33a02c,0
2011,Greece,130903,2,0.22067748,SE,#c0b9bb,0
2011,Hong Kong,138854,36,6.132879046,CEA,#d3a188,0
2011,India,4178,55,0.074822602,SEA,#08888d,0
2011,Indonesia,11924,14,0.091693247,SEA,#0e8398,0
2011,Ireland,181326,5,1.469291801,WE,#3b9639,0
2011,Israel,137997,16,3.344481605,BS,#9cee65,0
2011,Italy,228332,14,0.286579874,SE,#cab2cc,0
2011,Japan,269485,26,0.249362208,CEA,#dd9a99,0
2011,Kazakhstan,7144,5,0.465332713,CEA,#e793aa,0
2011,South Korea,132140,16,0.425951069,CEA,#f18dba,0
2011,Kuwait,123888,3,1.371742112,BS,#a3e971,0
2011,Lebanon,32348,6,2.099370189,BS,#abe47e,0
2011,Malaysia,27686,9,0.512878961,SEA,#157fa3,0
2011,Mexico,21975,11,0.155741186,NA,#7933b3,0
2011,Netherlands,186562,6,0.469814423,WE,#428c45,0
2011,New Zealand,238285,3,0.951173114,O,#ffd7cb,0
2011,Nigeria,3239,2,0.026203734,A,#a9ccd0,0
2011,Norway,339871,4,1.094091904,NE,#f3b290,0
2011,Philippines,8191,4,0.074193608,SEA,#2971c5,0
2011,Poland,23281,4,0.132947785,EE,#da1a2b,0
2011,Portugal,85946,3,0.350099195,SE,#d4abdd,0
2011,Romania,13354,2,0.119225037,EE,#e4133c,0
2011,Russia,18368,101,0.909066362,EE,#ee0d4c,0
2011,Saudi Arabia,37939,8,0.507872016,BS,#c1d5a3,0
2011,Singapore,257582,4,1.051248357,SEA,#306dd0,0
2011,South Africa,22332,4,0.131040131,A,#b0c7db,0
2011,Spain,119684,15,0.40929928,SE,#e89efe,0
2011,Sweden,187376,10,1.390820584,NE,#fdaba1,0
2011,Switzerland,497933,9,1.494023904,WE,#4a8252,0
2011,Taiwan,148028,25,1.370689183,CEA,#fb86cb,0
2011,Thailand,8053,3,0.061634548,SEA,#3668db,0
2011,Turkey,25947,38,0.762623425,BS,#c9d0b0,0
2011,Ukraine,3624,8,0.220854153,EE,#f8065d,0
2011,United Arab Emirates,121186,4,1.09739369,BS,#d0cbbc,0
2011,United Kingdom,229113,32,0.673145694,WE,#51785e,0
2011,United States,263555,412,1.762710124,NA,#8829cc,0
2011,Venezuela,9697,2,0.110059432,SA,#ff6b64,0
2010,Sweden,182222,10,1.401345291,NE,#fdaba1,0
2010,Switzerland,417170,11,1.837314181,WE,#4a8252,0
2010,Taiwan,162156,18,0.99009901,CEA,#fb86cb,0
2010,Thailand,7712,3,0.062263916,SEA,#3668db,0
2010,Turkey,25683,28,0.572456657,BS,#c9d0b0,0
2010,Ukraine,2955,5,0.137638671,EE,#f8065d,0
2010,United Arab Emirates,124966,4,1.121076233,BS,#d0cbbc,0
2010,United Kingdom,250633,29,0.614563024,WE,#51785e,0
2010,United States,262278,403,1.744581192,NA,#8829cc,0
2010,Venezuela,15057,2,0.112637982,SA,#ff6b64,0
2010,Mexico,22882,9,0.129892622,NA,#7933b3,0
2010,Netherlands,188138,5,0.393762797,WE,#428c45,0
2010,New Zealand,215958,3,0.963391137,O,#ffd7cb,0
2010,Nigeria,3385,1,0.013454423,A,#a9ccd0,0
2010,Norway,322317,4,1.10619469,NE,#f3b290,0
2010,Pakistan,4616,1,0.010285209,SEA,#2276ba,1
2010,Philippines,7850,2,0.038073482,SEA,#2971c5,0
2010,Poland,26019,4,0.1334668,EE,#da1a2b,0
2010,Portugal,89202,2,0.234192037,SE,#d4abdd,0
2010,Romania,20183,3,0.17876296,EE,#e4133c,0
2010,Russia,23747,62,0.557558971,EE,#ee0d4c,0
2010,Saudi Arabia,28374,10,0.65368022,BS,#c1d5a3,0
2010,Singapore,239153,4,1.077876583,SEA,#306dd0,0
2010,South Africa,24017,3,0.099347617,A,#b0c7db,0
2010,Spain,125962,13,0.357693154,SE,#e89efe,0
2010,Finland,150242,1,0.242365487,NE,#d5c65e,0
2010,France,283589,12,0.253180581,WE,#2caa20,0
2010,Germany,184060,53,0.792914635,WE,#33a02c,0
2010,Greece,139472,2,0.221263414,SE,#c0b9bb,0
2010,Hong Kong,128846,25,4.319281272,CEA,#d3a188,0
2010,India,5137,49,0.068144332,SEA,#08888d,0
2010,Indonesia,11471,7,0.046656091,SEA,#0e8398,0
2010,Ireland,181508,6,1.78944229,WE,#3b9639,0
2010,Israel,141587,10,2.127206977,BS,#9cee65,0
2010,Italy,238683,13,0.267055609,SE,#cab2cc,0
2010,Japan,225274,22,0.211128385,CEA,#dd9a99,0
2010,Kazakhstan,7158,5,0.470676833,CEA,#e793aa,0
2010,South Korea,129746,11,0.295842074,CEA,#f18dba,0
2010,Kuwait,100950,1,0.468164794,BS,#a3e971,0
2010,Lebanon,35529,4,1.422475107,BS,#abe47e,0
2010,Malaysia,27114,9,0.525363376,SEA,#157fa3,0
2010,Argentina,24218,1,0.036870437,SA,#cd8c11,0
2010,Australia,336808,11,0.687457034,O,#e1eb99,0
2010,Austria,184388,4,0.601684717,WE,#1dbe07,0
2010,Belgium,257482,2,0.241954996,WE,#24b413,0
2010,Belize,9263,1,5.882352941,NA,#5b4781,0
2010,Brazil,24630,18,0.139377139,SA,#d78621,0
2010,Canada,237795,24,0.918730621,NA,#6a3d9a,0
2010,Chile,43615,4,0.338066261,SA,#e17f32,0
2010,China,18686,64,0.066539687,CEA,#c9a778,0
2010,Colombia,19192,2,0.069886086,SA,#eb7843,0
2010,Cyprus,128904,1,1.512859304,SE,#b6bfab,0
2010,Czech Republic,41732,3,0.359928014,EE,#c6270a,0
2010,Denmark,245720,2,0.483208504,NE,#cbcc4e,0
2010,Egypt,10383,4,0.081224871,A,#9cd5b9,0
2009,Argentina,16040,1,0.037392963,SA,#cd8c11,0
2009,Australia,289592,10,0.633031588,O,#e1eb99,0
2009,Austria,189697,4,0.605418496,WE,#1dbe07,0
2009,Belgium,268905,2,0.243368216,WE,#24b413,0
2009,Brazil,23803,13,0.102414622,SA,#d78621,0
2009,Canada,218454,20,0.775704922,NA,#6a3d9a,0
2009,Chile,40712,3,0.258197779,SA,#e17f32,0
2009,China,17029,28,0.029567085,CEA,#c9a778,0
2009,Colombia,17745,2,0.07140307,SA,#eb7843,0
2009,Cyprus,148675,1,1.538461538,SE,#b6bfab,0
2009,Czech Republic,38062,1,0.120758363,EE,#c6270a,0
2009,Denmark,218794,2,0.484848485,NE,#cbcc4e,0
2009,Egypt,9651,3,0.062593891,A,#9cd5b9,0
2009,France,282486,10,0.212215101,WE,#2caa20,0
2009,Germany,190495,54,0.809801599,WE,#33a02c,0
2009,Greece,158315,1,0.11096316,SE,#c0b9bb,0
2009,Hong Kong,121788,19,3.324002799,CEA,#d3a188,0
2009,Iceland,280463,1,4.291845494,NE,#dfbf6f,0
2009,India,3986,24,0.034124792,SEA,#08888d,0
2009,Indonesia,9901,5,0.033933734,SEA,#0e8398,0
2009,Ireland,194022,5,1.516070346,WE,#3b9639,0
2009,Israel,161722,10,2.165439584,BS,#9cee65,0
2009,Italy,258004,12,0.247519647,SE,#cab2cc,0
2009,Japan,212586,17,0.163285692,CEA,#dd9a99,0
2009,Kazakhstan,7167,2,0.190621426,CEA,#e793aa,0
2009,South Korea,115434,4,0.108639561,CEA,#f18dba,0
2009,Kuwait,87922,4,1.917545542,BS,#a3e971,0
2009,Lebanon,30798,3,1.083815029,BS,#abe47e,0
2009,Malaysia,20504,6,0.358937545,SEA,#157fa3,0
2009,Mexico,29250,9,0.13239188,NA,#7933b3,0
2009,Netherlands,190790,3,0.237661412,WE,#428c45,0
2009,New Zealand,214899,3,0.975609756,O,#ffd7cb,0
2009,Nigeria,2802,2,0.027636524,A,#a9ccd0,0
2009,Norway,309121,4,1.118568233,NE,#f3b290,0
2009,Philippines,5762,2,0.039086165,SEA,#2971c5,0
2009,Poland,26230,1,0.033523299,EE,#da1a2b,0
2009,Portugal,95062,2,0.235128145,SE,#d4abdd,0
2009,Romania,17216,1,0.059672992,EE,#e4133c,0
2009,Russia,19404,32,0.28809363,EE,#ee0d4c,0
2009,Saudi Arabia,24184,14,0.941999731,BS,#c1d5a3,0
2009,Singapore,215737,2,0.555092978,SEA,#306dd0,0
2009,South Africa,23735,3,0.100650876,A,#b0c7db,0
2009,Spain,135968,12,0.333083521,SE,#e89efe,0
2009,Sweden,165907,9,1.270468662,NE,#fdaba1,0
2009,Switzerland,423036,9,1.511842768,WE,#4a8252,0
2009,Taiwan,159910,5,0.275862069,CEA,#fb86cb,0
2009,Thailand,6138,3,0.062897038,SEA,#3668db,0
2009,Turkey,21351,13,0.270782562,BS,#c9d0b0,0
2009,Ukraine,2486,4,0.109902187,EE,#f8065d,0
2009,United Arab Emirates,143549,6,1.722652885,BS,#d0cbbc,0
2009,United Kingdom,250758,25,0.53376604,WE,#51785e,0
2009,United States,247893,359,1.572347703,NA,#8829cc,0
2009,Venezuela,21523,2,0.115373522,SA,#ff6b64,0
2008,Argentina,18898,1,0.037930511,SA,#cd8c11,0
2008,Australia,237192,14,0.897781198,O,#e1eb99,0
2008,Austria,175800,4,0.609291698,WE,#1dbe07,0
2008,Belgium,240038,2,0.244857982,WE,#24b413,0
2008,Belize,9445,1,6.25,NA,#5b4781,0
2008,Brazil,14543,18,0.144392748,SA,#d78621,0
2008,Canada,176375,25,0.982279675,NA,#6a3d9a,0
2008,Chile,30342,4,0.350661874,SA,#e17f32,0
2008,China,13690,42,0.045110892,CEA,#c9a778,0
2008,Colombia,14794,2,0.072974058,SA,#eb7843,0
2008,Cyprus,140244,2,3.129890454,SE,#b6bfab,0
2008,Czech Republic,34348,1,0.121684108,EE,#c6270a,0
2008,Denmark,203063,1,0.243072436,NE,#cbcc4e,0
2008,Egypt,8463,4,0.085962348,A,#9cd5b9,0
2008,France,273597,14,0.298934512,WE,#2caa20,0
2008,Germany,182219,59,0.887418215,WE,#33a02c,0
2008,Greece,149642,4,0.445235975,SE,#c0b9bb,0
2008,Hong Kong,125413,26,4.600955583,CEA,#d3a188,0
2008,Iceland,295983,2,8.849557522,NE,#dfbf6f,0
2008,India,3803,53,0.077058965,SEA,#08888d,0
2008,Indonesia,7790,5,0.034572887,SEA,#0e8398,0
2008,Ireland,188360,6,1.852995676,WE,#3b9639,0
2008,Israel,127131,9,1.985878199,BS,#9cee65,0
2008,Italy,239436,13,0.269385387,SE,#cab2cc,0
2008,Japan,214771,24,0.230784764,CEA,#dd9a99,0
2008,Kazakhstan,8238,6,0.579430227,CEA,#e793aa,0
2008,South Korea,98441,12,0.329028543,CEA,#f18dba,0
2008,Kuwait,133336,4,1.964636542,BS,#a3e971,0
2008,Lebanon,27390,7,2.569750367,BS,#abe47e,0
2008,Malaysia,15133,8,0.490707232,SEA,#157fa3,0
2008,Mexico,24167,10,0.149929533,NA,#7933b3,0
2008,Netherlands,169219,5,0.398501634,WE,#428c45,0
2008,New Zealand,163867,4,1.317089233,O,#ffd7cb,0
2008,Nigeria,3880,1,0.01419386,A,#a9ccd0,0
2008,Norway,234642,4,1.131221719,NE,#f3b290,0
2008,Oman,39586,1,0.621890547,BS,#b2df8a,0
2008,Philippines,5127,2,0.040136464,SEA,#2971c5,0
2008,Poland,22271,6,0.202224469,EE,#da1a2b,0
2008,Portugal,89852,4,0.472422346,SE,#d4abdd,0
2008,Romania,16277,2,0.119695972,EE,#e4133c,0
2008,Russia,19735,87,0.785517584,EE,#ee0d4c,0
2008,Saudi Arabia,31900,13,0.900339359,BS,#c1d5a3,0
2008,Singapore,190389,5,1.43636886,SEA,#306dd0,0
2008,South Africa,17202,4,0.136239782,A,#b0c7db,0
2008,Spain,129675,18,0.504244054,SE,#e89efe,0
2008,Sweden,137379,10,1.421666193,NE,#fdaba1,0
2008,Switzerland,381661,11,1.858108108,WE,#4a8252,0
2008,Taiwan,142076,7,0.387360965,CEA,#fb86cb,0
2008,Thailand,4446,3,0.063544513,SEA,#3668db,0
2008,Turkey,25080,35,0.742815909,BS,#c9d0b0,0
2008,Ukraine,3981,7,0.192138779,EE,#f8065d,0
2008,United Arab Emirates,168032,6,1.770433756,BS,#d0cbbc,0
2008,United Kingdom,206982,35,0.752931053,WE,#51785e,0
2008,United States,239534,469,2.07811773,NA,#8829cc,0
2008,Venezuela,20792,2,0.118266217,SA,#ff6b64,0
2007,Argentina,21846,1,0.038476337,SA,#cd8c11,0
2007,Australia,303337,12,0.779676434,O,#e1eb99,0
2007,Austria,198939,3,0.460052139,WE,#1dbe07,0
2007,Belgium,281250,2,0.246426811,WE,#24b413,0
2007,Brazil,17106,20,0.163509569,SA,#d78621,0
2007,Canada,234888,23,0.915532203,NA,#6a3d9a,0
2007,Chile,40603,3,0.267976775,SA,#e17f32,0
2007,China,16643,20,0.021867579,CEA,#c9a778,0
2007,Colombia,16033,2,0.074601813,SA,#eb7843,0
2007,Cyprus,128884,2,3.179650238,SE,#b6bfab,0
2007,Czech Republic,35396,1,0.122699387,EE,#c6270a,0
2007,Denmark,234356,2,0.487210719,NE,#cbcc4e,0
2007,Egypt,10182,4,0.088695729,A,#9cd5b9,0
2007,France,302027,15,0.32238652,WE,#2caa20,0
2007,Germany,191034,55,0.830088442,WE,#33a02c,0
2007,Greece,175335,1,0.111719361,SE,#c0b9bb,0
2007,Hong Kong,186456,21,3.756036487,CEA,#d3a188,0
2007,Iceland,523094,2,9.090909091,NE,#dfbf6f,0
2007,India,5106,36,0.053531599,SEA,#08888d,0
2007,Indonesia,8970,2,0.014098208,SEA,#0e8398,0
2007,Ireland,222823,4,1.260636621,WE,#3b9639,0
2007,Israel,143173,9,2.023836294,BS,#9cee65,0
2007,Italy,260171,13,0.270765642,SE,#cab2cc,0
2007,Japan,177062,24,0.231149294,CEA,#dd9a99,0
2007,Kazakhstan,12287,5,0.489572114,CEA,#e793aa,0
2007,South Korea,128887,10,0.276824272,CEA,#f18dba,0
2007,Kuwait,138183,4,2.01511335,BS,#a3e971,0
2007,Lebanon,35946,4,1.492537313,BS,#abe47e,0
2007,Malaysia,23493,9,0.566287045,SEA,#157fa3,0
2007,Mexico,28760,10,0.152818742,NA,#7933b3,0
2007,Netherlands,202622,4,0.320718409,WE,#428c45,0
2007,New Zealand,237538,3,1.000333444,O,#ffd7cb,0
2007,Norway,284635,4,1.143837575,NE,#f3b290,0
2007,Oman,56285,1,0.643500644,BS,#b2df8a,0
2007,Philippines,5883,3,0.061833996,SEA,#2971c5,0
2007,Poland,24992,5,0.16956625,EE,#da1a2b,0
2007,Portugal,101671,1,0.118736642,SE,#d4abdd,0
2007,Romania,22642,1,0.060078102,EE,#e4133c,0
2007,Russia,23575,53,0.480472858,EE,#ee0d4c,0
2007,Saudi Arabia,48333,13,0.92704842,BS,#c1d5a3,0
2007,Serbia,13838,1,0.135648399,SE,#dea5ed,1
2007,Singapore,196692,4,1.191185229,SEA,#306dd0,0
2007,South Africa,25842,3,0.103921297,A,#b0c7db,0
2007,Spain,159468,20,0.565930956,SE,#e89efe,0
2007,Sweden,175914,8,1.144983541,NE,#fdaba1,0
2007,Switzerland,384037,8,1.358926448,WE,#4a8252,0
2007,Taiwan,125921,8,0.445583157,CEA,#fb86cb,0
2007,Thailand,5389,3,0.064239829,SEA,#3668db,0
2007,Turkey,36247,25,0.540832883,BS,#c9d0b0,0
2007,Ukraine,6080,7,0.192075513,EE,#f8065d,0
2007,United Arab Emirates,172025,5,1.522070015,BS,#d0cbbc,0
2007,United Kingdom,324276,29,0.628576383,WE,#51785e,0
2007,United States,287096,415,1.860244118,NA,#8829cc,0
2007,Venezuela,20450,2,0.121315055,SA,#ff6b64,0
2006,Argentina,17019,1,0.039030483,SA,#cd8c11,0
2006,Australia,243776,7,0.461011591,O,#e1eb99,0
2006,Austria,170687,3,0.46339203,WE,#1dbe07,0
2006,Belgium,244611,2,0.247985121,WE,#24b413,0
2006,Brazil,13101,16,0.133438973,SA,#d78621,0
2006,Canada,190392,22,0.887383027,NA,#6a3d9a,0
2006,Chile,33189,2,0.182049882,SA,#e17f32,0
2006,China,12582,8,0.008903302,CEA,#c9a778,0
2006,Colombia,11976,2,0.076295109,SA,#eb7843,0
2006,Czech Republic,29588,1,0.123670542,EE,#c6270a,0
2006,Denmark,204216,2,0.48816207,NE,#cbcc4e,0
2006,Egypt,7545,2,0.045791739,A,#9cd5b9,0
2006,France,255408,14,0.303004069,WE,#2caa20,0
2006,Germany,162170,55,0.833131362,WE,#33a02c,0
2006,Greece,149799,1,0.112195669,SE,#c0b9bb,0
2006,Hong Kong,149891,17,3.073585247,CEA,#d3a188,0
2006,Iceland,419292,1,4.672897196,NE,#dfbf6f,0
2006,India,3910,23,0.034985511,SEA,#08888d,0
2006,Indonesia,6946,2,0.01438135,SEA,#0e8398,0
2006,Ireland,200654,4,1.288659794,WE,#3b9639,0
2006,Israel,115019,8,1.834441642,BS,#9cee65,0
2006,Italy,224825,14,0.293242847,SE,#cab2cc,0
2006,Japan,176585,27,0.260612729,CEA,#dd9a99,0
2006,Kazakhstan,8316,2,0.198629457,CEA,#e793aa,0
2006,South Korea,117602,4,0.111859951,CEA,#f18dba,0
2006,Kuwait,99362,3,1.554404145,BS,#a3e971,0
2006,Lebanon,30900,3,1.139817629,BS,#abe47e,0
2006,Malaysia,17916,8,0.516628996,SEA,#157fa3,0
2006,Mexico,26158,10,0.155802069,NA,#7933b3,0
2006,Netherlands,175232,4,0.322606662,WE,#428c45,0
2006,New Zealand,208179,2,0.675675676,O,#ffd7cb,0
2006,Norway,242719,4,1.155735337,NE,#f3b290,0
2006,Philippines,4613,3,0.063520295,SEA,#2971c5,0
2006,Poland,20028,3,0.102459016,EE,#da1a2b,0
2006,Portugal,86941,1,0.119488589,SE,#d4abdd,0
2006,Russia,16193,33,0.300458883,EE,#ee0d4c,0
2006,Saudi Arabia,35249,11,0.808704602,BS,#c1d5a3,0
2006,Singapore,156541,4,1.233045623,SEA,#306dd0,0
2006,South Africa,22960,3,0.105820106,A,#b0c7db,0
2006,Spain,138981,10,0.286221306,SE,#e89efe,0
2006,Sweden,157311,8,1.152571676,NE,#fdaba1,0
2006,Switzerland,339475,8,1.367755172,WE,#4a8252,0
2006,Taiwan,118692,5,0.280410521,CEA,#fb86cb,0
2006,Thailand,4471,3,0.06503783,SEA,#3668db,0
2006,Turkey,28871,21,0.463473847,BS,#c9d0b0,0
2006,Ukraine,4263,3,0.082318077,EE,#f8065d,0
2006,United Arab Emirates,135068,5,1.578282828,BS,#d0cbbc,0
2006,United Kingdom,298906,24,0.524086125,WE,#51785e,0
2006,United States,289636,371,1.682379456,NA,#8829cc,0
2006,Venezuela,15347,2,0.124494242,SA,#ff6b64,0
2005,Argentina,13975,1,0.039588282,SA,#cd8c11,0
2005,Australia,204778,6,0.400748063,O,#e1eb99,0
2005,Austria,148511,4,0.622761949,WE,#1dbe07,0
2005,Belgium,211622,1,0.124766064,WE,#24b413,0
2005,Brazil,10422,8,0.068126852,SA,#d78621,0
2005,Canada,174910,17,0.695154365,NA,#6a3d9a,0
2005,Chile,28657,3,0.278293135,SA,#e17f32,0
2005,China,9770,2,0.002263703,CEA,#c9a778,0
2005,Colombia,10470,2,0.078057919,SA,#eb7843,0
2005,Denmark,174019,3,0.733317037,NE,#cbcc4e,0
2005,Egypt,6240,1,0.02363675,A,#9cd5b9,0
2005,France,207955,14,0.305263617,WE,#2caa20,0
2005,Germany,136388,57,0.866669708,WE,#33a02c,0
2005,Greece,116210,1,0.112764998,SE,#c0b9bb,0
2005,Hong Kong,125099,15,2.743233358,CEA,#d3a188,0
2005,Iceland,407674,1,4.784688995,NE,#dfbf6f,0
2005,India,3332,12,0.018676781,SEA,#08888d,0
2005,Indonesia,5250,2,0.01467933,SEA,#0e8398,0
2005,Ireland,172934,3,0.98944591,WE,#3b9639,0
2005,Israel,104916,6,1.403508772,BS,#9cee65,0
2005,Italy,190807,10,0.210743715,SE,#cab2cc,0
2005,Japan,175634,24,0.232337509,CEA,#dd9a99,0
2005,Kazakhstan,5998,3,0.302206105,CEA,#e793aa,0
2005,South Korea,99303,3,0.08483683,CEA,#f18dba,0
2005,Kuwait,83124,2,1.070090958,BS,#a3e971,0
2005,Malaysia,14945,6,0.397825222,SEA,#157fa3,0
2005,Mexico,22963,10,0.158909247,NA,#7933b3,0
2005,Netherlands,150197,4,0.324412003,WE,#428c45,0
2005,Norway,213142,4,1.166861144,NE,#f3b290,0
2005,Philippines,3645,3,0.065261372,SEA,#2971c5,0
2005,Poland,16470,2,0.068849186,EE,#da1a2b,0
2005,Portugal,74787,1,0.120394895,SE,#d4abdd,0
2005,Russia,11164,27,0.246802987,EE,#ee0d4c,0
2005,Saudi Arabia,28454,7,0.531470655,BS,#c1d5a3,0
2005,Singapore,132774,4,1.26984127,SEA,#306dd0,0
2005,South Africa,18803,3,0.107843842,A,#b0c7db,0
2005,Spain,116106,10,0.290014791,SE,#e89efe,0
2005,Sweden,123473,9,1.304915181,NE,#fdaba1,0
2005,Switzerland,295524,8,1.378597277,WE,#4a8252,0
2005,Taiwan,112470,7,0.395882819,CEA,#fb86cb,0
2005,Thailand,5303,3,0.065976117,SEA,#3668db,0
2005,Turkey,24304,8,0.180338586,BS,#c9d0b0,0
2005,Ukraine,2828,3,0.082324854,EE,#f8065d,0
2005,United Arab Emirates,121672,2,0.658761528,BS,#d0cbbc,0
2005,United Kingdom,242523,24,0.527890199,WE,#51785e,0
2005,United States,274509,341,1.564413941,NA,#8829cc,0
2005,Venezuela,11034,2,0.127795527,SA,#ff6b64,0
2004,Argentina,13200,1,0.040146132,SA,#cd8c11,0
2004,Australia,204370,5,0.338914119,O,#e1eb99,0
2004,Austria,156378,3,0.471105528,WE,#1dbe07,0
2004,Belgium,224116,1,0.125517761,WE,#24b413,0
2004,Brazil,8474,6,0.052227048,SA,#d78621,0
2004,Canada,154700,17,0.705013893,NA,#6a3d9a,0
2004,Chile,21625,3,0.283607487,SA,#e17f32,0
2004,China,9565,1,0.00114986,CEA,#c9a778,0
2004,Colombia,9048,2,0.079897731,SA,#eb7843,0
2004,Denmark,178476,3,0.734034744,NE,#cbcc4e,0
2004,France,213525,12,0.263753654,WE,#2caa20,0
2004,Germany,148761,52,0.793699249,WE,#33a02c,0
2004,Greece,125230,1,0.113455866,SE,#c0b9bb,0
2004,Hong Kong,141221,14,2.592112572,CEA,#d3a188,0
2004,India,3193,9,0.014335958,SEA,#08888d,0
2004,Indonesia,5229,1,0.007496589,SEA,#0e8398,0
2004,Ireland,177113,2,0.676589986,WE,#3b9639,0
2004,Israel,99359,5,1.193317422,BS,#9cee65,0
2004,Italy,208302,14,0.297031804,SE,#cab2cc,0
2004,Japan,193383,22,0.213783185,CEA,#dd9a99,0
2004,South Korea,87606,2,0.057259011,CEA,#f18dba,0
2004,Kuwait,85444,2,1.109262341,BS,#a3e971,0
2004,Lebanon,29383,1,0.397140588,BS,#abe47e,0
2004,Malaysia,14742,5,0.340506674,SEA,#157fa3,0
2004,Mexico,19166,11,0.178354276,NA,#7933b3,0
2004,Netherlands,160666,4,0.32610468,WE,#428c45,0
2004,Norway,203908,4,1.176470588,NE,#f3b290,0
2004,Philippines,3573,2,0.044704725,SEA,#2971c5,0
2004,Portugal,79836,2,0.242924815,SE,#d4abdd,0
2004,Russia,9073,25,0.229284175,EE,#ee0d4c,0
2004,Saudi Arabia,30494,8,0.628584898,BS,#c1d5a3,0
2004,Singapore,130996,5,1.623903865,SEA,#306dd0,0
2004,South Africa,17915,2,0.073327223,A,#b0c7db,0
2004,Spain,116390,8,0.235557388,SE,#e89efe,0
2004,Sweden,128120,8,1.167031364,NE,#fdaba1,0
2004,Switzerland,317586,7,1.217391304,WE,#4a8252,0
2004,Taiwan,107521,10,0.56999544,CEA,#fb86cb,0
2004,Thailand,3894,2,0.044724719,SEA,#3668db,0
2004,Turkey,21102,6,0.138334909,BS,#c9d0b0,0
2004,United Arab Emirates,116401,2,0.692281066,BS,#d0cbbc,0
2004,United Kingdom,252440,17,0.376572745,WE,#51785e,0
2004,United States,251483,277,1.28566323,NA,#8829cc,0
2004,Venezuela,9761,2,0.131190554,SA,#ff6b64,0
2003,Argentina,10879,1,0.040705011,SA,#cd8c11,0
2003,Australia,175033,3,0.206497797,O,#e1eb99,0
2003,Austria,136727,1,0.158528852,WE,#1dbe07,0
2003,Belgium,195697,1,0.126246686,WE,#24b413,0
2003,Brazil,8657,4,0.03562554,SA,#d78621,0
2003,Canada,133931,15,0.631153749,NA,#6a3d9a,0
2003,Chile,20099,3,0.289045187,SA,#e17f32,0
2003,Colombia,7602,1,0.040903141,SA,#eb7843,0
2003,Denmark,151777,3,0.734573947,NE,#cbcc4e,0
2003,France,174262,13,0.288158886,WE,#2caa20,0
2003,Germany,132534,43,0.658933141,WE,#33a02c,0
2003,Greece,110058,1,0.114246544,SE,#c0b9bb,0
2003,Hong Kong,143129,11,2.063402739,CEA,#d3a188,0
2003,India,2946,7,0.011413887,SEA,#08888d,0
2003,Indonesia,4806,1,0.007661837,SEA,#0e8398,0
2003,Ireland,158431,2,0.694927033,WE,#3b9639,0
2003,Israel,93177,3,0.730816078,BS,#9cee65,0
2003,Italy,182906,11,0.235067849,SE,#cab2cc,0
2003,Japan,190923,19,0.185479856,CEA,#dd9a99,0
2003,South Korea,69905,2,0.058029885,CEA,#f18dba,0
2003,Kuwait,80231,1,0.577034045,BS,#a3e971,0
2003,Lebanon,27887,1,0.407664085,BS,#abe47e,0
2003,Malaysia,13534,4,0.279876854,SEA,#157fa3,0
2003,Mexico,17672,11,0.182061934,NA,#7933b3,0
2003,Netherlands,141204,4,0.327707685,WE,#428c45,0
2003,Norway,182234,1,0.296208531,NE,#f3b290,0
2003,Philippines,3431,2,0.045936883,SEA,#2971c5,0
2003,Portugal,69136,1,0.122669284,SE,#d4abdd,0
2003,Russia,6926,17,0.15636066,EE,#ee0d4c,0
2003,Saudi Arabia,29762,9,0.733197556,BS,#c1d5a3,0
2003,Singapore,117734,5,1.651254954,SEA,#306dd0,0
2003,South Africa,12784,2,0.074855902,A,#b0c7db,0
2003,Spain,100815,7,0.209637327,SE,#e89efe,0
2003,Sweden,106853,5,0.733783387,NE,#fdaba1,0
2003,Switzerland,284987,9,1.582000352,WE,#4a8252,0
2003,Taiwan,104146,5,0.287422396,CEA,#fb86cb,0
2003,Thailand,3587,2,0.045577813,SEA,#3668db,0
2003,Turkey,16483,5,0.118052604,BS,#c9d0b0,0
2003,United Arab Emirates,97768,1,0.366568915,BS,#d0cbbc,0
2003,United Kingdom,215576,14,0.312242121,WE,#51785e,0
2003,United States,223337,222,1.042444391,NA,#8829cc,0
2003,Venezuela,9701,2,0.134707348,SA,#ff6b64,0
2002,Argentina,12845,1,0.041277966,SA,#cd8c11,0
2002,Australia,123684,3,0.209731544,O,#e1eb99,0
2002,Belgium,150881,1,0.126935771,WE,#24b413,0
2002,Brazil,7747,6,0.05472056,SA,#d78621,0
2002,Canada,103580,14,0.597754152,NA,#6a3d9a,0
2002,Chile,17432,2,0.196367207,SA,#e17f32,0
2002,China,7318,1,0.001183597,CEA,#c9a778,0
2002,Colombia,7147,1,0.041898856,SA,#eb7843,0
2002,Denmark,121006,2,0.490075962,NE,#cbcc4e,0
2002,France,130908,14,0.312968055,WE,#2caa20,0
2002,Germany,104852,34,0.523004507,WE,#33a02c,0
2002,Greece,85838,2,0.230282096,SE,#c0b9bb,0
2002,Hong Kong,128715,11,2.092448164,CEA,#d3a188,0
2002,India,2337,5,0.008347162,SEA,#08888d,0
2002,Indonesia,3534,1,0.00783521,SEA,#0e8398,0
2002,Ireland,116615,2,0.714540907,WE,#3b9639,0
2002,Israel,71741,3,0.746454342,BS,#9cee65,0
2002,Italy,144204,13,0.279822635,SE,#cab2cc,0
2002,Japan,169804,25,0.245350606,CEA,#dd9a99,0
2002,South Korea,63910,2,0.058861616,CEA,#f18dba,0
2002,Kuwait,73816,1,0.603136309,BS,#a3e971,0
2002,Lebanon,22625,1,0.419287212,BS,#abe47e,0
2002,Malaysia,10921,5,0.359634611,SEA,#157fa3,0
2002,Mexico,20016,12,0.202901491,NA,#7933b3,0
2002,Netherlands,111690,2,0.164636154,WE,#428c45,0
2002,Norway,135955,1,0.297973778,NE,#f3b290,0
2002,Philippines,2993,4,0.094417562,SEA,#2971c5,0
2002,Portugal,53281,1,0.124007937,SE,#d4abdd,0
2002,Russia,5204,6,0.055329116,EE,#ee0d4c,0
2002,Saudi Arabia,26970,8,0.676933491,BS,#c1d5a3,0
2002,Singapore,107899,4,1.338688086,SEA,#306dd0,0
2002,South Africa,8931,2,0.076473062,A,#b0c7db,0
2002,Spain,73324,7,0.213421141,SE,#e89efe,0
2002,Sweden,75554,6,0.885347499,NE,#fdaba1,0
2002,Switzerland,248251,13,2.31070032,WE,#4a8252,0
2002,Taiwan,114387,5,0.289972743,CEA,#fb86cb,0
2002,Thailand,2801,2,0.046508383,SEA,#3668db,0
2002,Turkey,11102,6,0.145232735,BS,#c9d0b0,0
2002,United Arab Emirates,84447,1,0.390472472,BS,#d0cbbc,0
2002,United Kingdom,178450,13,0.291800409,WE,#51785e,0
2002,United States,200976,227,1.078497515,NA,#8829cc,0
2002,Venezuela,10627,2,0.138341288,SA,#ff6b64,0
2001,Argentina,23519,4,0.167560322,SA,#cd8c11,0
2001,Australia,102264,3,0.212977424,O,#e1eb99,0
2001,Belgium,140297,1,0.127583567,WE,#24b413,0
2001,Brazil,8040,6,0.056058001,SA,#d78621,0
2001,Canada,101523,16,0.693090752,NA,#6a3d9a,0
2001,Chile,16683,2,0.200060018,SA,#e17f32,0
2001,China,5995,1,0.001199854,CEA,#c9a778,0
2001,Colombia,6479,1,0.042935039,SA,#eb7843,0
2001,Denmark,100690,2,0.490677134,NE,#cbcc4e,0
2001,Egypt,7214,1,0.026718679,A,#9cd5b9,0
2001,France,102397,15,0.338005318,WE,#2caa20,0
2001,Germany,87339,28,0.432165458,WE,#33a02c,0
2001,Greece,71219,3,0.348351138,SE,#c0b9bb,0
2001,Hong Kong,120376,14,2.704268882,CEA,#d3a188,0
2001,India,2052,4,0.006838156,SEA,#08888d,0
2001,Indonesia,2472,2,0.016032964,SEA,#0e8398,0
2001,Ireland,96285,2,0.734214391,WE,#3b9639,0
2001,Israel,75664,5,1.272264631,BS,#9cee65,0
2001,Italy,115989,17,0.368356049,SE,#cab2cc,0
2001,Japan,160418,29,0.286272729,CEA,#dd9a99,0
2001,South Korea,58184,2,0.05973002,CEA,#f18dba,0
2001,Kuwait,63213,1,0.633713561,BS,#a3e971,0
2001,Lebanon,19600,1,0.431034483,BS,#abe47e,0
2001,Malaysia,9885,4,0.296033156,SEA,#157fa3,0
2001,Mexico,19030,13,0.224843474,NA,#7933b3,0
2001,Netherlands,98140,2,0.16541229,WE,#428c45,0
2001,New Zealand,64429,1,0.36350418,O,#ffd7cb,0
2001,Norway,107820,2,0.599340725,NE,#f3b290,0
2001,Philippines,2678,3,0.072783735,SEA,#2971c5,0
2001,Portugal,45352,2,0.250815149,SE,#d4abdd,0
2001,Russia,3918,8,0.073969284,EE,#ee0d4c,0
2001,Saudi Arabia,25430,8,0.704101391,BS,#c1d5a3,0
2001,Singapore,99895,6,2.037351443,SEA,#306dd0,0
2001,South Africa,6160,2,0.078173859,A,#b0c7db,0
2001,Spain,62968,8,0.248262165,SE,#e89efe,0
2001,Sweden,66510,5,0.741289844,NE,#fdaba1,0
2001,Switzerland,215104,16,2.873047226,WE,#4a8252,0
2001,Taiwan,111056,5,0.292980195,CEA,#fb86cb,0
2001,Thailand,2512,2,0.047455214,SEA,#3668db,0
2001,Turkey,10179,5,0.124177325,BS,#c9d0b0,0
2001,United Arab Emirates,65985,1,0.417710944,BS,#d0cbbc,0
2001,United Kingdom,156062,12,0.270917054,WE,#51785e,0
2001,United States,205981,269,1.293418471,NA,#8829cc,0
2001,Venezuela,11079,2,0.142136309,SA,#ff6b64,0
2000,Argentina,24874,4,0.170227253,SA,#cd8c11,0
2000,Australia,103151,3,0.216153902,O,#e1eb99,0
2000,Brazil,8028,9,0.086155731,SA,#d78621,0
2000,Canada,108464,15,0.658935161,NA,#6a3d9a,0
2000,Chile,17290,3,0.305623472,SA,#e17f32,0
2000,Colombia,6610,1,0.044014085,SA,#eb7843,0
2000,Denmark,104865,2,0.491521258,NE,#cbcc4e,0
2000,Egypt,7170,1,0.027533798,A,#9cd5b9,0
2000,France,103619,14,0.31770526,WE,#2caa20,0
2000,Germany,89770,42,0.650013929,WE,#33a02c,0
2000,Greece,73920,2,0.234329233,SE,#c0b9bb,0
2000,Hong Kong,117699,13,2.554529377,CEA,#d3a188,0
2000,India,2036,9,0.015758013,SEA,#08888d,0
2000,Indonesia,2502,2,0.01641066,SEA,#0e8398,0
2000,Ireland,91525,2,0.753579503,WE,#3b9639,0
2000,Israel,92589,2,0.521376434,BS,#9cee65,0
2000,Italy,119773,6,0.130733195,SE,#cab2cc,0
2000,Japan,191877,43,0.427138174,CEA,#dd9a99,0
2000,South Korea,51749,1,0.03030946,CEA,#f18dba,0
2000,Kuwait,52307,1,0.669344043,BS,#a3e971,0
2000,Lebanon,20695,1,0.441891295,BS,#abe47e,0
2000,Malaysia,8342,5,0.381155664,SEA,#157fa3,0
2000,Mexico,17484,13,0.230369832,NA,#7933b3,0
2000,Netherlands,106872,3,0.249335106,WE,#428c45,0
2000,Norway,110805,1,0.301204819,NE,#f3b290,0
2000,Philippines,2768,5,0.124706939,SEA,#2971c5,0
2000,Portugal,48008,2,0.253646164,SE,#d4abdd,0
2000,Saudi Arabia,23388,6,0.549802987,BS,#c1d5a3,0
2000,Singapore,112757,5,1.729505361,SEA,#306dd0,0
2000,South Africa,8434,1,0.039976014,A,#b0c7db,0
2000,Spain,64521,5,0.157753589,SE,#e89efe,0
2000,Sweden,73046,5,0.744047619,NE,#fdaba1,0
2000,Switzerland,232548,14,2.534854246,WE,#4a8252,0
2000,Taiwan,108623,6,0.355450237,CEA,#fb86cb,0
2000,Thailand,2570,1,0.024186137,SEA,#3668db,0
2000,Turkey,12342,4,0.101980981,BS,#c9d0b0,0
2000,United Arab Emirates,56903,1,0.447227191,BS,#d0cbbc,0
2000,United Kingdom,162999,14,0.317662008,WE,#51785e,0
2000,United States,206116,52,0.253116497,NA,#8829cc,0
2000,Venezuela,9855,2,0.14610271,SA,#ff6b64,0
